original_path,type,bytes,sha256
AGENTS.md,md,5788,bdf6949f1cb74a602aaf767c6acf6157d5529972fe6ce44b6c8f7d12efc0f514
assets/README.md,md,3326,c6803c464c463065cdb7b6193f2d5bd24fc209bd826ad8d0f6be1a5c6a5eee34
context-handoff.zip,zip,18982,080b56d132adfd96a23e05d3eacb70c3eb822e35db869ffa51fb25a3a163c901
docs/DESIGN_CONTEXT.md,md,6241,a62bd48e17625115628d47fc69504bedde81288b35fdb13787bf3db810f3003a
docs/INTERACTION_SPEC.md,md,8109,5009dd6123c9d0d256193b83623bec96d2786dcfc5e466e3a1a52299ebf7a5fc
docs/MOTION_SPEC.md,md,7664,2614e32fef090d24490dce9bb3b43efeefb0aae642d3beebe55a122c7dd691e5
docs/PRODUCT_DECISIONS.md,md,6552,5193a5461e620bec5c82df43b769714360d085887afa450c1c8e80421ff1e0c2
life_rivers_vector_assets/01_main_river_segments.svg,svg,1194,6fc5637f75514aab39a7e463227ed7bcbe92ea63e19e331863bdea803679c3e5
life_rivers_vector_assets/01_main_river_segments.svgZone.Identifier,download-metadata,119,905aef35aaad4208e34b593f1d490e8cdb26fce0426f9e8d93cf7573caf80a63
life_rivers_vector_assets/02_tributaries.svg,svg,1267,f8bd95d2c569c2bf42bd71fcd5bbd953721a4935bc5e80545ee57cbf2ac4f876
life_rivers_vector_assets/02_tributaries.svgZone.Identifier,download-metadata,119,905aef35aaad4208e34b593f1d490e8cdb26fce0426f9e8d93cf7573caf80a63
life_rivers_vector_assets/03_river_confluence.svg,svg,1367,071eefad1c7bc656413940ce40f6e8e887a1a348a5c8683ec57af30ff5425bef
life_rivers_vector_assets/03_river_confluence.svgZone.Identifier,download-metadata,119,905aef35aaad4208e34b593f1d490e8cdb26fce0426f9e8d93cf7573caf80a63
life_rivers_vector_assets/04_river_strength_states.svg,svg,1258,5fa92b6e856ddc7757cef8091b26533c072fa9771926f22f248a964594e3879d
life_rivers_vector_assets/04_river_strength_states.svgZone.Identifier,download-metadata,119,905aef35aaad4208e34b593f1d490e8cdb26fce0426f9e8d93cf7573caf80a63
life_rivers_vector_assets/05_milestone_markers.svg,svg,1853,155e0d0a6e69177c23f3b51981c4f851d96d3c217a9e320e44af8defde59df70
life_rivers_vector_assets/05_milestone_markers.svgZone.Identifier,download-metadata,119,905aef35aaad4208e34b593f1d490e8cdb26fce0426f9e8d93cf7573caf80a63
life_rivers_vector_assets/06_evidence_anchors.svg,svg,1233,84bd460700b658c42eabf580d42a6f25b4db3e3547587010327a47b45bd3b013
life_rivers_vector_assets/06_evidence_anchors.svgZone.Identifier,download-metadata,119,905aef35aaad4208e34b593f1d490e8cdb26fce0426f9e8d93cf7573caf80a63
life_rivers_vector_assets/07_unexplored_mist.svg,svg,1067,2b7d6585cc4b74f04a82ea8627a90706fc1a7d9a469d7843646f433fc635b5a2
life_rivers_vector_assets/07_unexplored_mist.svgZone.Identifier,download-metadata,119,905aef35aaad4208e34b593f1d490e8cdb26fce0426f9e8d93cf7573caf80a63
life_rivers_vector_assets/08_future_river_forks.svg,svg,1185,99d20b26de3861e13667148324bdaa4c1322cb2bb2b764f9e083b8757fbdbceb
life_rivers_vector_assets/08_future_river_forks.svgZone.Identifier,download-metadata,119,905aef35aaad4208e34b593f1d490e8cdb26fce0426f9e8d93cf7573caf80a63
life_rivers_vector_assets/09_topographic_terrain.svg,svg,1845,f84c9052d1d0e496f61c390a101f6032c54fa886808e3d08d4cd4da1f5fbe748
life_rivers_vector_assets/09_topographic_terrain.svgZone.Identifier,download-metadata,119,905aef35aaad4208e34b593f1d490e8cdb26fce0426f9e8d93cf7573caf80a63
life_rivers_vector_assets/10_transition_elements.svg,svg,1314,ebf8e6a794df761155417450321084c899be8be52008654f64987e12a06217d7
life_rivers_vector_assets/10_transition_elements.svgZone.Identifier,download-metadata,119,905aef35aaad4208e34b593f1d490e8cdb26fce0426f9e8d93cf7573caf80a63
life_rivers_vector_assets/11_landmarks.svg,svg,1589,4d5fe314e839e3dc08accd1ece7ddebe053b75bfb2bfa1e7b44e2b16a2531a85
life_rivers_vector_assets/11_landmarks.svgZone.Identifier,download-metadata,119,905aef35aaad4208e34b593f1d490e8cdb26fce0426f9e8d93cf7573caf80a63
life_rivers_vector_assets/12_clarity_states.svg,svg,1951,cf8730f5316accd957a750611f3a74574250e46a1e52159fa97f606e622bf6a0
life_rivers_vector_assets/12_clarity_states.svgZone.Identifier,download-metadata,119,905aef35aaad4208e34b593f1d490e8cdb26fce0426f9e8d93cf7573caf80a63
life_rivers_vector_assets/palette.json,json,234,a1e2a2d1eb4b01c116e07ed6549c6544c1a4b3a3c7f1dc9e402b3fd204c8881d
life_rivers_vector_assets/palette.jsonZone.Identifier,download-metadata,119,905aef35aaad4208e34b593f1d490e8cdb26fce0426f9e8d93cf7573caf80a63
life_rivers_vector_assets/README.md,md,527,292bf7d6ed603ac3f0031d13ba5f70c3fc4ccef064dfc69509ad2bced928f07a
life_rivers_vector_assets/README.mdZone.Identifier,download-metadata,119,905aef35aaad4208e34b593f1d490e8cdb26fce0426f9e8d93cf7573caf80a63
life_rivers_vector_assets.zip,zip,8422,19b8a9cacab4d88af207ed14a9417b5fcc0a2533f2ecaa943115c953137a061c
milestones.md,md,12138,c2d7cf355d0a95a7bbf648d0481208293e514350aecca12c76203590c952319a
Personal Moat · Page-level IA V1.pdf,pdf,665657,a0aa06341b44ce61f0aa4de586f1ea39a74cbe666a39a0713f9b36ccee6e7b2e
Personal Moat · Page-level IA V1.pdfZone.Identifier,download-metadata,57,499d1e6292f4f19a3cdca8dd416164a1a752ceefd612eab954d61557bfd75529
Personal Moat · Page-level User Flow V1.pdf,pdf,1000287,0e7b88b90d59734cd4c7df1c0ce5162c31d13e216d0989d29982bb85ddaa7999
Personal Moat · Page-level User Flow V1.pdfZone.Identifier,download-metadata,57,499d1e6292f4f19a3cdca8dd416164a1a752ceefd612eab954d61557bfd75529
Personal_Moat_V0.1.html,html,42436,db6e3fdcb131aaeb3cd6f8bfba95840b0e0817223c2ad2b4b1ffa86c0670eab3
Personal_Moat_V0.1.md,md,36350,472fbacfbc3d6979f7791a24d7aabc5f6832daa267bf37840091eb5226603cb9
PRD.md,md,17317,ce9bb2a70c188092ee31090928ec084b5f88c47ad4834d99eb641ec8901ae273
人生三河-阶段7A-中文可点击原型.html,html,19073,0ee8648418fa649efba268f561bb0126539a79e70680a862fbbc05a45b4f0af1
人生三河-阶段7A.md,md,2748,5f803172f2b3d57c9d573345c2d37deef81cdad5443883c982fc171f051dfb3c
人生三河-阶段7A线框包.zip,zip,22795,c597769a7f235a37ebd75c08d92541ac85abe76d82c6708e3ef4e2497a24fdc4
人生三河-阶段7B-中文可点击原型..svg,svg,32617,243010ad369a05f61caec462152ea5f33116e4d595caea9369c1364dd0954f9f
人生三河-阶段7B.md,md,7848,a7853e49615ca7a3a8a4e94bbd21a4cb2b04c42abf12f1b1c7df8d36753ec50f
人生三河-阶段7B线框包/01－建立我的护城河.svg,svg,2899,b19624a16153803caaeb4bcc0f1fead40458e2b67f9c39c9d9327722c05f4b3f
人生三河-阶段7B线框包/01－建立我的护城河.svgZone.Identifier,download-metadata,115,f5a24609b91792ca19314eef3c3eeb4d7629a1abf9c68766c54767a460544b91
人生三河-阶段7B线框包/02－我的河首页.svg,svg,3562,b3de513e17859a8cd929d1bd346ccfa3269c6ac40ec0cf8c184f78d39f806002
人生三河-阶段7B线框包/02－我的河首页.svgZone.Identifier,download-metadata,115,f5a24609b91792ca19314eef3c3eeb4d7629a1abf9c68766c54767a460544b91
人生三河-阶段7B线框包/03－未来路径列表.svg,svg,3344,1577178bdae628cea028f29062ee67fae1477f779c13a90b4aa007382e7a7c45
人生三河-阶段7B线框包/03－未来路径列表.svgZone.Identifier,download-metadata,115,f5a24609b91792ca19314eef3c3eeb4d7629a1abf9c68766c54767a460544b91
人生三河-阶段7B线框包/04－路径详情.svg,svg,3626,2fb60ed13a662a8ea47cac066ec501125e23a2d8d08b5fb31a48e8aeb40ac24d
人生三河-阶段7B线框包/04－路径详情.svgZone.Identifier,download-metadata,115,f5a24609b91792ca19314eef3c3eeb4d7629a1abf9c68766c54767a460544b91
人生三河-阶段7B线框包/05－新建或编辑路径.svg,svg,3326,c0dd4ab46888c86f01075bae70b15e61c2f63a7a3cc09199e0b370349407af13
人生三河-阶段7B线框包/05－新建或编辑路径.svgZone.Identifier,download-metadata,115,f5a24609b91792ca19314eef3c3eeb4d7629a1abf9c68766c54767a460544b91
人生三河-阶段7B线框包/06－护城河计划首页.svg,svg,3852,71d237b8df5b9742f1486da57528174a4e8a6136be2e184d19fe880929b722fc
人生三河-阶段7B线框包/06－护城河计划首页.svgZone.Identifier,download-metadata,115,f5a24609b91792ca19314eef3c3eeb4d7629a1abf9c68766c54767a460544b91
人生三河-阶段7B线框包/07－里程碑详情.svg,svg,3644,a19fba76a7f51f432fc36e1e4f7a9732251e595515e7be6d75ebf329efe30f55
人生三河-阶段7B线框包/07－里程碑详情.svgZone.Identifier,download-metadata,115,f5a24609b91792ca19314eef3c3eeb4d7629a1abf9c68766c54767a460544b91
人生三河-阶段7B线框包/08－添加成果证明.svg,svg,3612,f93c68641e1940b632887a247da0fb5e85293715bde61e621be43c989c2dcbd8
人生三河-阶段7B线框包/08－添加成果证明.svgZone.Identifier,download-metadata,115,f5a24609b91792ca19314eef3c3eeb4d7629a1abf9c68766c54767a460544b91
人生三河-阶段7B线框包/09－三河更新反馈.svg,svg,3385,5ee94b217625c06fbad279488b33ded0f0a77c25fffdba5551161ec92bcaeb08
人生三河-阶段7B线框包/09－三河更新反馈.svgZone.Identifier,download-metadata,115,f5a24609b91792ca19314eef3c3eeb4d7629a1abf9c68766c54767a460544b91
人生三河-阶段7B线框包/10－九页总览.svg,svg,32617,243010ad369a05f61caec462152ea5f33116e4d595caea9369c1364dd0954f9f
人生三河-阶段7B线框包/10－九页总览.svgZone.Identifier,download-metadata,115,f5a24609b91792ca19314eef3c3eeb4d7629a1abf9c68766c54767a460544b91
人生三河-阶段7B线框包/11－页面结构说明.md,md,7848,a7853e49615ca7a3a8a4e94bbd21a4cb2b04c42abf12f1b1c7df8d36753ec50f
人生三河-阶段7B线框包/11－页面结构说明.mdZone.Identifier,download-metadata,115,f5a24609b91792ca19314eef3c3eeb4d7629a1abf9c68766c54767a460544b91
人生三河-阶段7B线框包/12－九页预览.html,html,32164,edea9bf1b3e34769a97b5dd79d67a6c86d282d50865d5e0234d8a2c07a753029
人生三河-阶段7B线框包/12－九页预览.htmlZone.Identifier,download-metadata,115,f5a24609b91792ca19314eef3c3eeb4d7629a1abf9c68766c54767a460544b91
人生三河-阶段7B线框包.zip,zip,26331,8382dc7a1b088258a10d7dde4294e6b75ea8a93859af71e0928ba810ef7a22c8
编辑感人生三河地图.pngZone.Identifier,download-metadata,43,8bd4663a62a17ef486bde4dacdfec6c7e3d13d29890852ca0a8eb9f1e948a5ba
视觉参考素材/unselected/我的河 · 三河总览cand1.png,png,2416001,d1b527e6171d860341fc3b2e1cdad11669433e7bf813cbef17a0571c6e152aa3
视觉参考素材/unselected/我的河 · 三河总览cand1.pngZone.Identifier,download-metadata,43,8bd4663a62a17ef486bde4dacdfec6c7e3d13d29890852ca0a8eb9f1e948a5ba
视觉参考素材/unselected/我的河 · 三河总览cand2.png,png,2145220,bebb5fce90b25549c178b975e6cb54d44df7b91920158e357dff05a2eb508a34
视觉参考素材/unselected/我的河 · 三河总览cand2.pngZone.Identifier,download-metadata,43,8bd4663a62a17ef486bde4dacdfec6c7e3d13d29890852ca0a8eb9f1e948a5ba
视觉参考素材/人生三河地图.png,png,2391462,53c2ee0c7a3ef388fe79551854de405d2ab693a7e5af8835d1c87614bf750ab1
视觉参考素材/人生三河地图.pngZone.Identifier,download-metadata,63,b61ab15ba93540e4cd3e291e78e8e0976259854fe2eca74c6952563369b45259
视觉参考素材/人生三河地图雾版.png,png,1899045,c8fb9fadac4944cbef12650a2824a2a408c354e8bb98b5d06f63e7ef6df66880
视觉参考素材/人生三河地图雾版.pngZone.Identifier,download-metadata,43,8bd4663a62a17ef486bde4dacdfec6c7e3d13d29890852ca0a8eb9f1e948a5ba
视觉参考素材/动态显现示例.mp4,mp4,12266544,b848f6d152394444329c45486477a3bfb9779d03a3c9596899a72c7e4bdf082e
视觉参考素材/动态显现示例.mp4Zone.Identifier,download-metadata,25,b952d24cf701bc4e7a7d21e1ae85c611824e80579a89836c0cb49b193446ccfe
视觉参考素材/我的河 · 三河总览HiFi-Hover态.png,png,2133505,4777c9d21a7c8e623c663095973df536291db9cc8cbd3bbc41b6c637a7527b1e
视觉参考素材/我的河 · 三河总览HiFi-Hover态.pngZone.Identifier,download-metadata,43,8bd4663a62a17ef486bde4dacdfec6c7e3d13d29890852ca0a8eb9f1e948a5ba
视觉参考素材/我的河 · 三河总览HiFi-未来分叉态.png,png,2297319,e9f7b7d3341fbdaea32562f0380b0661ac859a1179b9506dabd6b5ec7f1ca2a7
视觉参考素材/我的河 · 三河总览HiFi-未来分叉态.pngZone.Identifier,download-metadata,43,8bd4663a62a17ef486bde4dacdfec6c7e3d13d29890852ca0a8eb9f1e948a5ba
视觉参考素材/我的河 · 三河总览HiFi-证明详情态.png,png,2268600,a9efab616c0d1101e6b2fb15adaabdf76af668dc0a10e99c85173de10ce1eede
视觉参考素材/我的河 · 三河总览HiFi-证明详情态.pngZone.Identifier,download-metadata,43,8bd4663a62a17ef486bde4dacdfec6c7e3d13d29890852ca0a8eb9f1e948a5ba
视觉参考素材/我的河 · 三河总览HiFi.png,png,2186221,20f7dedf4eab20f5171cfd841927a46f83aad5afc1c2c983af459db645df74ee
视觉参考素材/我的河 · 三河总览HiFi.pngZone.Identifier,download-metadata,43,8bd4663a62a17ef486bde4dacdfec6c7e3d13d29890852ca0a8eb9f1e948a5ba
视觉参考素材/我的河 · 三河总览｜阶段 8 交互规范 V1.0.md,md,5019,08e153c3f7087d2abf8e48e47b73be998da989a4ae210d514852b0bf2e146274
视觉参考素材/编辑感人生三河地图.png,png,2081678,9a7cf2bf5dc22234cd01b1607593b751d8dd32a8298463adec0ad691cc0a1835
视觉参考素材/视觉语法素材板.png,png,2382032,557afb8b7f026c60c31bba791d2063d7b2bdc5c1ab8fab956886128f229247ab
视觉语法素材板.pngZone.Identifier,download-metadata,43,8bd4663a62a17ef486bde4dacdfec6c7e3d13d29890852ca0a8eb9f1e948a5ba
阶段7C-01-MVP端到端总览.svg,svg,19269,c7d17b2bccc1cdab49dc16ecdef565ce35482a9beaa32e1972e058663110210f
阶段7C-02-黄金路径流程.svg,svg,26652,a15d92eb01f887aeacc9b822207aa2a499b5512802ed21d444f92d7620e8feb2
阶段7C图示说明.md,md,2975,9abda11f7aa313d0c79a70de29fedf277d6f678f920e77c71f9ed6314137cb9d
assets/fonts/LXGWWenKaiLite-Regular.ttf,ttf,13872424,140C99BA4E28E817CEC49BF82A0C5FCDC4FE633FB9DFDA16D0EE8D59A8545F15
assets/fonts/OFL.txt,txt,4448,C38B1994A5E48AC30AC7D1DA7D0409FD8FD8127DFE28A13D6E787D5B1EF34A5E
assets/three-rivers/rivers-watercolor-hires.svg,svg,1193902,77a34c2f7d44448cc127dd8ff17d6c0eb0eb924b859b001ee48446b1d2d9645c
assets/three-rivers/rivers-v2.svg,svg,101400,8bda2d4914a271f5c360b4e50aa7cb826784b70fb03f966527866ce1f1f483e8
assets/three-rivers/rivers-watercolor-hires-clean.svg,svg,1304982,6ed0a3a19a5860b538847bd058e1d7b9b9bb7dcadc249ecac898d18bc6e519d0
assets/three-rivers/rivers-watercolor-hires-clean.png,png,978350,3c9498345bd1ee47ed37e48ca229627b121e661e244eda3a76f666b471adb758
assets/three-rivers/rivers-watercolor-hires-clean.json,json,425,4d862612f30f8c46c1d4112d34647fd18916080372d83dbf93be01b8bec71700
