"original_path","current_path","sha256","action"
"阶段7C-01-MVP端到端总览.svg","docs\archive\阶段7C\阶段7C-01-MVP端到端总览.svg","C7D17B2BCCC1CDAB49DC16ECDEF565CE35482A9BEAA32E1972E058663110210F","move; verified byte-identical"
"阶段7C-02-黄金路径流程.svg","docs\archive\阶段7C\阶段7C-02-黄金路径流程.svg","A15D92EB01F887AEACC9B822207AA2A499B5512802ED21D444F92D7620E8FEB2","move; verified byte-identical"
"阶段7C图示说明.md","docs\archive\阶段7C\阶段7C图示说明.md","9ABDA11F7AA313D0C79A70DE29FEDF277D6F678F920E77C71F9ED6314137CB9D","move; verified byte-identical"
"人生三河-阶段7A-中文可点击原型.html","docs\archive\阶段7A\人生三河-阶段7A-中文可点击原型.html","0EE8648418FA649EFBA268F561BB0126539A79E70680A862FBBC05A45B4F0AF1","move; verified byte-identical"
"人生三河-阶段7A.md","docs\archive\阶段7A\人生三河-阶段7A.md","5F803172F2B3D57C9D573345C2D37DEEF81CDAD5443883C982FC171F051DFB3C","move; verified byte-identical"
"人生三河-阶段7A线框包.zip","assets\archive\packages\人生三河-阶段7A线框包.zip","C597769A7F235A37EBD75C08D92541AC85ABE76D82C6708E3EF4E2497A24FDC4","move; verified byte-identical"
"人生三河-阶段7B-中文可点击原型..svg","docs\archive\阶段7B\duplicates\九页静态总览-根目录重复件.svg","243010AD369A05F61CAEC462152EA5F33116E4D595CAEA9369C1364DD0954F9F","move; verified byte-identical"
"人生三河-阶段7B.md","docs\archive\阶段7B\duplicates\根目录阶段7B说明.md","A7853E49615CA7A3A8A4E94BBD21A4CB2B04C42ABF12F1B1C7DF8D36753EC50F","move; verified byte-identical"
"人生三河-阶段7B线框包.zip","assets\archive\packages\人生三河-阶段7B线框包.zip","8382DC7A1B088258A10D7DDE4294E6B75EA8A93859AF71E0928BA810EF7A22C8","move; verified byte-identical"
"context-handoff.zip","assets\archive\packages\context-handoff.zip","080B56D132ADFD96A23E05D3EACB70C3EB822E35DB869FFA51FB25A3A163C901","move; verified byte-identical"
"life_rivers_vector_assets.zip","assets\archive\packages\life_rivers_vector_assets.zip","19B8A9CACAB4D88AF207ED14A9417B5FCC0A2533F2ECAA943115C953137A061C","move; verified byte-identical"
"Personal Moat · Page-level IA V1.pdf","docs\archive\阶段5-6\Personal Moat · Page-level IA V1.pdf","A0AA06341B44CE61F0AA4DE586F1EA39A74CBE666A39A0713F9B36CCEE6E7B2E","move; verified byte-identical"
"Personal Moat · Page-level User Flow V1.pdf","docs\archive\阶段5-6\Personal Moat · Page-level User Flow V1.pdf","0E7B88B90D59734CD4C7DF1C0CE5162C31D13E216D0989D29982BB85DDAA7999","move; verified byte-identical"
"Personal_Moat_V0.1.html","docs\archive\产品定义-2026-09-06\Personal_Moat_V0.1.html","DB6E3FDCB131AAEB3CD6F8BFBA95840B0E0817223C2AD2B4B1FFA86C0670EAB3","move; verified byte-identical"
"Personal_Moat_V0.1.md","docs\archive\产品定义-2026-09-06\Personal_Moat_V0.1.md","472FBACFBC3D6979F7791A24D7AABC5F6832DAA267BF37840091EB5226603CB9","move; verified byte-identical"
"视觉参考素材\编辑感人生三河地图.png","assets\references\编辑感人生三河地图.png","9A7CF2BF5DC22234CD01B1607593B751D8DD32A8298463ADEC0AD691CC0A1835","move; verified byte-identical"
"视觉参考素材\动态显现示例.mp4","assets\archive\duplicates\视觉参考素材\动态显现示例.mp4","B848F6D152394444329C45486477A3BFB9779D03A3C9596899A72C7E4BDF082E","move; verified byte-identical"
"视觉参考素材\人生三河地图.png","assets\references\人生三河地图.png","53C2EE0C7A3EF388FE79551854DE405D2AB693A7E5AF8835D1C87614BF750AB1","move; verified byte-identical"
"视觉参考素材\人生三河地图雾版.png","assets\references\人生三河地图雾版.png","C8FB9FADAC4944CBEF12650A2824A2A408C354E8BB98B5D06F63E7EF6DF66880","move; verified byte-identical"
"视觉参考素材\视觉语法素材板.png","assets\references\视觉语法素材板.png","557AFB8B7F026C60C31BBA791D2063D7B2BDC5C1AB8FAB956886128F229247AB","move; verified byte-identical"
"视觉参考素材\我的河 · 三河总览｜阶段 8 交互规范 V1.0.md","docs\archive\阶段8\我的河 · 三河总览｜阶段 8 交互规范 V1.0.md","08E153C3F7087D2ABF8E48E47B73BE998DA989A4AE210D514852B0BF2E146274","move; verified byte-identical"
"视觉参考素材\我的河 · 三河总览HiFi-未来分叉态.png","assets\archive\duplicates\视觉参考素材\我的河 · 三河总览HiFi-未来分叉态.png","E9F7B7D3341FBDAEA32562F0380B0661AC859A1179B9506DABD6B5EC7F1CA2A7","move; verified byte-identical"
"视觉参考素材\我的河 · 三河总览HiFi-证明详情态.png","assets\archive\duplicates\视觉参考素材\我的河 · 三河总览HiFi-证明详情态.png","A9EFAB616C0D1101E6B2FB15ADAABDF76AF668DC0A10E99C85173DE10CE1EEDE","move; verified byte-identical"
"视觉参考素材\我的河 · 三河总览HiFi-Hover态.png","assets\archive\duplicates\视觉参考素材\我的河 · 三河总览HiFi-Hover态.png","4777C9D21A7C8E623C663095973DF536291DB9CC8CBD3BBC41B6C637A7527B1E","move; verified byte-identical"
"视觉参考素材\我的河 · 三河总览HiFi.png","assets\archive\duplicates\视觉参考素材\我的河 · 三河总览HiFi.png","20F7DEDF4EAB20F5171CFD841927A46F83AAD5AFC1C2C983AF459DB645DF74EE","move; verified byte-identical"
"视觉参考素材\unselected\我的河 · 三河总览cand1.png","assets\references\unselected\我的河 · 三河总览cand1.png","D1B527E6171D860341FC3B2E1CDAD11669433E7BF813CBEF17A0571C6E152AA3","move; verified byte-identical"
"视觉参考素材\unselected\我的河 · 三河总览cand2.png","assets\references\unselected\我的河 · 三河总览cand2.png","BEBB5FCE90B25549C178B975E6CB54D44DF7B91920158E357DFF05A2EB508A34","move; verified byte-identical"
"人生三河-阶段7B线框包\01－建立我的护城河.svg","docs\archive\阶段7B\01－建立我的护城河.svg","B19624A16153803CAAEB4BCC0F1FEAD40458E2B67F9C39C9D9327722C05F4B3F","move; verified byte-identical"
"人生三河-阶段7B线框包\02－我的河首页.svg","docs\archive\阶段7B\02－我的河首页.svg","B3DE513E17859A8CD929D1BD346CCFA3269C6AC40EC0CF8C184F78D39F806002","move; verified byte-identical"
"人生三河-阶段7B线框包\03－未来路径列表.svg","docs\archive\阶段7B\03－未来路径列表.svg","1577178BDAE628CEA028F29062EE67FAE1477F779C13A90B4AA007382E7A7C45","move; verified byte-identical"
"人生三河-阶段7B线框包\04－路径详情.svg","docs\archive\阶段7B\04－路径详情.svg","2FB60ED13A662A8EA47CAC066EC501125E23A2D8D08B5FB31A48E8AEB40AC24D","move; verified byte-identical"
"人生三河-阶段7B线框包\05－新建或编辑路径.svg","docs\archive\阶段7B\05－新建或编辑路径.svg","C0DD4AB46888C86F01075BAE70B15E61C2F63A7A3CC09199E0B370349407AF13","move; verified byte-identical"
"人生三河-阶段7B线框包\06－护城河计划首页.svg","docs\archive\阶段7B\06－护城河计划首页.svg","71D237B8DF5B9742F1486DA57528174A4E8A6136BE2E184D19FE880929B722FC","move; verified byte-identical"
"人生三河-阶段7B线框包\07－里程碑详情.svg","docs\archive\阶段7B\07－里程碑详情.svg","A19FBA76A7F51F432FC36E1E4F7A9732251E595515E7BE6D75EBF329EFE30F55","move; verified byte-identical"
"人生三河-阶段7B线框包\08－添加成果证明.svg","docs\archive\阶段7B\08－添加成果证明.svg","F93C68641E1940B632887A247DA0FB5E85293715BDE61E621BE43C989C2DCBD8","move; verified byte-identical"
"人生三河-阶段7B线框包\09－三河更新反馈.svg","docs\archive\阶段7B\09－三河更新反馈.svg","5EE94B217625C06FBAD279488B33DED0F0A77C25FFFDBA5551161EC92BCAEB08","move; verified byte-identical"
"人生三河-阶段7B线框包\10－九页总览.svg","docs\archive\阶段7B\10－九页总览.svg","243010AD369A05F61CAEC462152EA5F33116E4D595CAEA9369C1364DD0954F9F","move; verified byte-identical"
"人生三河-阶段7B线框包\11－页面结构说明.md","docs\archive\阶段7B\11－页面结构说明.md","A7853E49615CA7A3A8A4E94BBD21A4CB2B04C42ABF12F1B1C7DF8D36753EC50F","move; verified byte-identical"
"人生三河-阶段7B线框包\12－九页预览.html","docs\archive\阶段7B\12－九页预览.html","EDEA9BF1B3E34769A97B5DD79D67A6C86D282D50865D5E0234D8A2C07A753029","move; verified byte-identical"
"life_rivers_vector_assets\01_main_river_segments.svg","assets\archive\duplicates\life_rivers_vector_assets\01_main_river_segments.svg","6FC5637F75514AAB39A7E463227ED7BCBE92EA63E19E331863BDEA803679C3E5","move; verified byte-identical"
"life_rivers_vector_assets\02_tributaries.svg","assets\archive\duplicates\life_rivers_vector_assets\02_tributaries.svg","F8BD95D2C569C2BF42BD71FCD5BBD953721A4935BC5E80545EE57CBF2AC4F876","move; verified byte-identical"
"life_rivers_vector_assets\03_river_confluence.svg","assets\archive\duplicates\life_rivers_vector_assets\03_river_confluence.svg","071EEFAD1C7BC656413940CE40F6E8E887A1A348A5C8683EC57AF30FF5425BEF","move; verified byte-identical"
"life_rivers_vector_assets\04_river_strength_states.svg","assets\archive\duplicates\life_rivers_vector_assets\04_river_strength_states.svg","5FA92B6E856DDC7757CEF8091B26533C072FA9771926F22F248A964594E3879D","move; verified byte-identical"
"life_rivers_vector_assets\05_milestone_markers.svg","assets\archive\duplicates\life_rivers_vector_assets\05_milestone_markers.svg","155E0D0A6E69177C23F3B51981C4F851D96D3C217A9E320E44AF8DEFDE59DF70","move; verified byte-identical"
"life_rivers_vector_assets\06_evidence_anchors.svg","assets\archive\duplicates\life_rivers_vector_assets\06_evidence_anchors.svg","84BD460700B658C42EABF580D42A6F25B4DB3E3547587010327A47B45BD3B013","move; verified byte-identical"
"life_rivers_vector_assets\07_unexplored_mist.svg","assets\archive\duplicates\life_rivers_vector_assets\07_unexplored_mist.svg","2B7D6585CC4B74F04A82EA8627A90706FC1A7D9A469D7843646F433FC635B5A2","move; verified byte-identical"
"life_rivers_vector_assets\08_future_river_forks.svg","assets\archive\duplicates\life_rivers_vector_assets\08_future_river_forks.svg","99D20B26DE3861E13667148324BDAA4C1322CB2BB2B764F9E083B8757FBDBCEB","move; verified byte-identical"
"life_rivers_vector_assets\09_topographic_terrain.svg","assets\archive\duplicates\life_rivers_vector_assets\09_topographic_terrain.svg","F84C9052D1D0E496F61C390A101F6032C54FA886808E3D08D4CD4DA1F5FBE748","move; verified byte-identical"
"life_rivers_vector_assets\10_transition_elements.svg","assets\archive\duplicates\life_rivers_vector_assets\10_transition_elements.svg","EBF8E6A794DF761155417450321084C899BE8BE52008654F64987E12A06217D7","move; verified byte-identical"
"life_rivers_vector_assets\11_landmarks.svg","assets\archive\duplicates\life_rivers_vector_assets\11_landmarks.svg","4D5FE314E839E3DC08ACCD1ECE7DDEBE053B75BFB2BFA1E7B44E2B16A2531A85","move; verified byte-identical"
"life_rivers_vector_assets\12_clarity_states.svg","assets\archive\duplicates\life_rivers_vector_assets\12_clarity_states.svg","CF8730F5316ACCD957A750611F3A74574250E46A1E52159FA97F606E622BF6A0","move; verified byte-identical"
"life_rivers_vector_assets\palette.json","assets\archive\duplicates\life_rivers_vector_assets\palette.json","A1E2A2D1EB4B01C116E07ED6549C6544C1A4B3A3C7F1DC9E402B3FD204C8881D","move; verified byte-identical"
"life_rivers_vector_assets\README.md","assets\archive\duplicates\life_rivers_vector_assets\README.md","292BF7D6ED603AC3F0031D13BA5F70C3FC4CCEF064DFC69509AD2BCED928F07A","move; verified byte-identical"
"人生三河-阶段7A线框包.zip!可导入Figma的SVG/01-首页.svg","docs\archive\阶段7A\SVG\01-首页.svg","A8D9EC33E5FE2D0D7D99E5F958A1C68864016D14C6B9DD40017F4DB04035A1B7","extract; verified byte-identical"
"人生三河-阶段7A线框包.zip!可导入Figma的SVG/02-三河探索开场.svg","docs\archive\阶段7A\SVG\02-三河探索开场.svg","1D73EE569B765769BE9C54BDA4848E899FC9EC7F75035955F177F51546662F51","extract; verified byte-identical"
"人生三河-阶段7A线框包.zip!可导入Figma的SVG/03-单选模板.svg","docs\archive\阶段7A\SVG\03-单选模板.svg","C0C634A9A9E7E20D873ECDCE1AC18B87FB8A62ED88927056CEA397F4A2898E54","extract; verified byte-identical"
"人生三河-阶段7A线框包.zip!可导入Figma的SVG/04-多选模板.svg","docs\archive\阶段7A\SVG\04-多选模板.svg","83802CC766D7FC8FF1776254A242B1853D9313250519CC0ADCB5FB030D640D8C","extract; verified byte-identical"
"人生三河-阶段7A线框包.zip!可导入Figma的SVG/05-AI 猜测确认.svg","docs\archive\阶段7A\SVG\05-AI 猜测确认.svg","9B126A53E0D0C1EE0BEE9DA49E4C47D67BC7F725A9456777BDC7FFDFC46AAAF5","extract; verified byte-identical"
"人生三河-阶段7A线框包.zip!可导入Figma的SVG/06-AI 理解确认.svg","docs\archive\阶段7A\SVG\06-AI 理解确认.svg","8FE99F0C696E88A32057BBAB318A4DE7B1DD42A1245E75898BB51EBBDEE580F6","extract; verified byte-identical"
"人生三河-阶段7A线框包.zip!可导入Figma的SVG/07-三河类型.svg","docs\archive\阶段7A\SVG\07-三河类型.svg","183344500255335B429BA21F897566981A344137F8B656A979CF22F6F6EBA892","extract; verified byte-identical"
"人生三河-阶段7A线框包.zip!可导入Figma的SVG/08-核心判断.svg","docs\archive\阶段7A\SVG\08-核心判断.svg","D653DF820F48B617F8EA0ED10A67625CB1720D0D58EF837434D588A6395B3658","extract; verified byte-identical"
"人生三河-阶段7A线框包.zip!可导入Figma的SVG/09-我的三河地图.svg","docs\archive\阶段7A\SVG\09-我的三河地图.svg","0675C5199B012B41C680BA871036FB2814D2CE1C88E6CB16BE6E07E806198532","extract; verified byte-identical"
"人生三河-阶段7A线框包.zip!可导入Figma的SVG/10-三河 × 五资本详情.svg","docs\archive\阶段7A\SVG\10-三河 × 五资本详情.svg","E8929B39C2148A4EF97ADBCE4EA3AF76CE940C508F1429135AEC7C10B6F4900D","extract; verified byte-identical"
"人生三河-阶段7A线框包.zip!可导入Figma的SVG/11-关键断点.svg","docs\archive\阶段7A\SVG\11-关键断点.svg","E2D2EC9A1BE43ECD10D678420A1C016F588C8C98D738A00A148BF2584FD8CC99","extract; verified byte-identical"
"人生三河-阶段7A线框包.zip!可导入Figma的SVG/12-类型详解与未来路径预览.svg","docs\archive\阶段7A\SVG\12-类型详解与未来路径预览.svg","B536B6D1D0A36BBFD1420774244964AFEBE14EF955B21469D9769413ED538736","extract; verified byte-identical"
